mf,order,rmse_mean,mae_mean,r2_mean,ndei_mean,rmse_std,mae_std,r2_std,ndei_std,n_rules,active_rules,dead_rules,effective_rules,firing_entropy,mean_max_activation,n_params,seconds,rmse_reduction_vs_linear,rmse_reduction_vs_mlp,pvalue_vs_linear,pvalue_vs_mlp,significant_vs_linear_bh
dsig,0,0.0746572152852021,0.059232088423195,0.8898304830123767,0.3317070933638396,0.005173985396474,0.0027784606338588,0.0078639999737869,0.0118288291785917,4,4.0,0.0,3.7143901076514334,1.3112677574157714,0.9091445446014405,68,0.9907605648040771,0.2254266052331858,-14.074988631920853,0.0008423648705191,0.9999930469136766,True
dsig,1,0.0154834107639872,0.0123129655702025,0.9951777566211394,0.0690648632481064,0.00129122136908,0.0010342715181083,0.0009820420753377,0.0072310471842552,4,4.0,0.0,3.444322530949139,1.2352634429931642,0.9361588478088378,84,1.0883893966674805,0.8393586207010886,-2.1264525519576094,1.483395457964135e-07,0.9999433626009782,True
dsig,0,0.0400305239508845,0.0323879891371576,0.968224162874986,0.1781084416443376,0.0019925940322679,0.0017491229570084,0.0026284474504361,0.0072952135019962,8,8.0,0.0,7.415432442506924,2.002763080596924,0.8505833983421326,136,1.1354186534881592,0.5846807477015984,-7.083072629806928,7.719733563059382e-07,0.9999986725670076,True
dsig,1,0.0065423968462034,0.0051523316002943,0.9991358115369792,0.0292169883066194,0.0004868538415815,0.0003284241418689,0.0001944881040328,0.0032490086660057,8,8.0,0.0,7.257155901885163,1.981787610054016,0.8806497931480408,168,1.3179268836975098,0.932122213295572,-0.3210586238083406,2.0418825834239429e-07,0.9884084065564888,True
dsig,0,0.0281746657300491,0.0221814016493146,0.9839524095538316,0.1258596722015737,0.0020189159458964,0.0017621424434836,0.0038871816173046,0.0143851784653824,16,16.0,0.0,14.484336165105134,2.672594690322876,0.8177939653396606,272,1.6604845523834229,0.7076860368073489,-4.689105386078443,1.7079509657383617e-06,0.9999806998807262,True
dsig,1,0.0048932989515822,0.0036181789658546,0.9995225202464166,0.0218057223333628,0.0002066324909272,0.0002013058932957,6.354982017229736e-05,0.0014107540904683,16,16.0,0.0,14.674467387860728,2.685930871963501,0.8601687788963318,336,1.8364481925964355,0.949231709673918,0.0119317230639607,1.620773105544799e-07,0.4628963931084429,True
dsig,0,0.0261916749843158,0.0196047541230815,0.9860137943651583,0.1170865268298316,0.0028158616617985,0.001933133016252,0.0039020115400972,0.0166418409368904,24,24.0,0.0,21.32380513276887,3.0596437454223637,0.8050228714942932,408,2.544003963470459,0.7282596929214453,-4.288694483596537,5.785703498386882e-06,0.9999728111954772,True
dsig,1,0.004577120820209,0.0034008504617816,0.9995729106532693,0.0204599925670533,0.0004794421497433,0.0003459693412718,0.0001249111913727,0.002911709272383,24,24.0,0.0,21.71904570620533,3.077567195892334,0.8842246770858765,504,2.566887378692627,0.952512078056708,0.0757752741246837,2.4573891770668643e-07,0.2748503350255737,True
dsig,0,0.0227318264850602,0.0177173525024503,0.98970988620584,0.1012934073714878,0.0005949904952243,0.0004494922043413,0.0011262575706393,0.0054552192654382,32,32.0,0.0,27.55708028824385,3.3157865047454838,0.8126311302185059,544,3.089411497116089,0.7641558429078815,-3.590072433534826,6.569973835983377e-07,0.9999929437621488,True
dsig,1,0.0040226086447799,0.0029626713020642,0.999676870248274,0.0178955369802574,0.0004111101826481,0.0002679192572853,6.302891987984896e-05,0.0016969112865228,32,32.0,0.0,27.851298502294675,3.3264062881469725,0.862869119644165,672,3.6005141735076904,0.9582651774258836,0.1877438857173198,2.477130315994169e-07,0.0979943763603362,True
dsig,0,0.0235772193097024,0.0173575856607834,0.9886241729923622,0.105305168387759,0.0033209370531878,0.0020057177488821,0.0033938570158438,0.0169306975185176,48,48.0,0.0,39.16400696785772,3.667301940917969,0.8201026082038879,816,4.187258005142212,0.7553848381551178,-3.760776459559685,8.519866431195015e-06,0.9998982177250164,True
dsig,1,0.0047802265093467,0.003356617021971,0.9995344683041932,0.0213678464708483,0.0005004454174766,0.0002153257289707,0.0001304310620323,0.0029911257086417,48,48.0,0.0,40.64185498879246,3.704744052886963,0.8790152311325073,1008,3.4247231483459477,0.9504048435110478,0.0347636191475828,2.330738766634106e-07,0.3334986864429674,True
dsig,0,0.0245587219163084,0.0187995357607407,0.9873623423135424,0.1093280949882252,0.0057853617100121,0.0053312691049588,0.0067371250309699,0.0261729886085511,64,64.0,0.0,52.38917991651772,3.9574231147766112,0.8170351624488831,1088,4.721862077713013,0.7452016856886483,-3.958964144169428,1.2899461456307735e-05,0.9993803689892148,True
dsig,1,0.0051125564887949,0.0035083567151993,0.999454766821276,0.0228254507027969,0.0010424598410717,0.0005335205510625,0.0002361686565215,0.0049225987992257,64,64.0,0.0,53.199954250676896,3.973772954940796,0.8838076591491699,1344,2.2697739601135254,0.9469568986690028,-0.0323413571509703,5.678795446297214e-07,0.5753939898631355,True
dsig,0,0.0259631630432742,0.020509929193557,0.9865781577698464,0.1154463752147415,0.0024785751734538,0.0021418152206188,0.0022763369122364,0.0096941569994902,128,122.4,5.6,88.98161757812022,4.487883472442627,0.872344720363617,2176,7.27526593208313,0.7306305189593734,-4.242552728907446,8.5594896493871e-07,0.9999762162847508,True
dsig,1,0.0095041553075099,0.0051923738380757,0.9981329236224082,0.0424392299379421,0.0016435430556925,0.0007681499871314,0.0006853172357048,0.008123308431061,128,122.6,5.4,90.01960670252932,4.499713897705078,0.8995099186897277,2688,5.83283281326294,0.9013937793848013,-0.919104974239798,8.483207869512092e-07,0.9919820381425288,True
dsig,0,0.023575227343719,0.0178369024999819,0.988981010862729,0.1049193837167073,0.0008729078993388,0.000608502912397,0.0006885026362349,0.0033033403967969,256,211.0,45.0,131.3350430111897,4.877302455902099,0.8825193643569946,4352,12.359750986099243,0.7554055049298981,-3.760374236352721,8.445577603369952e-07,0.9999962418055386,True
dsig,1,0.0269528460240294,0.0123954139371266,0.9848972633874924,0.1194045341348484,0.0068288858352199,0.0018723445974143,0.0071653706973127,0.0290739374792517,256,210.2,45.8,130.80755757636746,4.872444152832031,0.9063716053962708,5376,22.343165159225464,0.7203624945866722,-4.442392216987663,1.256014776151749e-05,0.9989025337433988,True
gaussian,0,0.060700380179654,0.0477054192062648,0.9262181760601348,0.2691444561777801,0.0097596872373442,0.0067437460241643,0.0200355818837507,0.0366481329487896,4,4.0,0.0,3.695854200800561,1.306520199775696,0.8480681657791138,36,0.8337669372558594,0.3702296642088902,-11.256786402572043,0.0011067161992544,0.9998184972661794,True
gaussian,1,0.0141475084592441,0.0109449267593293,0.996015639854749,0.0628638596378684,0.0015345400001723,0.0011054121473279,0.0007334193089519,0.0057004646022427,4,4.0,0.0,3.637920895486893,1.290879988670349,0.8690165519714356,52,0.9069650173187256,0.8532186927558629,-1.856703513228712,7.915307297746128e-07,0.9993705071518294,True
gaussian,0,0.0267808410534279,0.0208878230797107,0.9857118837046486,0.1193086296158899,0.0012230253979593,0.0015257228298015,0.0017230359204684,0.0073189613012853,8,8.0,0.0,7.340765511532682,1.992606019973755,0.7662417769432068,72,0.9825875759124756,0.722147057183691,-4.407660503963737,7.97955286501272e-08,0.999992683063616,True
gaussian,1,0.0050012794312952,0.0038932487440727,0.999490991135894,0.0223467053955428,0.0005475500085912,0.0004610955477848,0.0001335183204452,0.0031038076729837,8,8.0,0.0,7.302975453149552,1.988211178779602,0.801122784614563,104,1.06603741645813,0.9481114052743984,-0.0098719900523815,2.3662906514839643e-07,0.5419927093812986,True
gaussian,0,0.0145047153835421,0.0110496120453324,0.9957649956902048,0.0647442772113056,0.0009546975040036,0.0011762920727666,0.0008786283727869,0.0065713680600543,16,16.0,0.0,14.216196440350458,2.653625822067261,0.6929123878479004,144,1.4620299339294434,0.8495126480161714,-1.928831710114508,1.8839773887219405e-07,0.9999220580806886,True
gaussian,1,0.00364742855052,0.002659651670556,0.9997295606888124,0.0162975220677528,0.0003698491247954,0.0002481141993455,7.275395509152047e-05,0.0021977455809605,16,16.0,0.0,14.551030150219995,2.677463912963867,0.7757993698120117,208,1.852792501449585,0.9621576949561672,0.2635012741262535,1.6597337761982524e-07,0.0223351359823541,True
gaussian,0,0.0120412798469996,0.0084402632495085,0.9970617679090772,0.0537035189517498,0.0014721710216297,0.0006550358563591,0.0008393859235224,0.0073596292788396,24,24.0,0.0,20.877977840178826,3.038544607162476,0.6812409400939942,216,2.483768939971924,0.8750709496356416,-1.4314080844544643,5.918006707448414e-07,0.9999963520041784,True
gaussian,1,0.0032961570922595,0.0024010278527379,0.9997825238873002,0.014695907350344,0.0002060272050556,0.0001198878597138,3.510283686462756e-05,0.0012273629657931,24,24.0,0.0,21.439860779209152,3.064961624145508,0.7825144767761231,312,2.94787859916687,0.9658021588552034,0.3344309655132865,1.9802492809788242e-07,0.0109795261418014,True
gaussian,0,0.0116565289482534,0.0084562741396009,0.9972883457923274,0.0517892027567785,0.0013723743697332,0.0010732481664232,0.0005885811926271,0.0054343983558412,32,32.0,0.0,27.30834194814637,3.306775665283203,0.6916830182075501,288,3.4345462322235107,0.879062764876044,-1.35371813308722,2.661130053025214e-07,0.9998850436446224,True
gaussian,1,0.0030953323857626,0.0021999553735142,0.9998063730819232,0.0137894087414693,0.0004102149170284,0.0001946962103083,5.010818324969504e-05,0.0018652411740494,32,32.0,0.0,27.887256787650905,3.3277090549468995,0.7772769570350647,416,3.874338626861572,0.967885728059736,0.3749820382513399,2.503576877983197e-07,0.0078757801617821,True
gaussian,0,0.0108364214758791,0.0078062029486855,0.9976636483126856,0.0482707119175861,0.0003866529401617,0.0001380860865563,0.0002405120800724,0.0025079988604375,48,48.0,0.0,38.2924884910949,3.644462442398072,0.692231547832489,432,5.373619318008423,0.8875714324780147,-1.1881197943899329,3.373699451040027e-07,0.9999403569656348,True
gaussian,1,0.004151053384012,0.0027886280996714,0.99963009940148,0.0185970456249405,0.0009927192440101,0.0004397630950321,0.000197690511929,0.0049041301516136,48,48.0,0.0,41.21402338274108,3.718425893783569,0.8208083748817444,624,4.195712566375732,0.956932555021915,0.1618079734768552,2.430396927483948e-07,0.0165220704539812,True
gaussian,0,0.0131454971219339,0.0087375737811734,0.9965273755637074,0.0583809845240969,0.0020080954084922,0.0013790265535752,0.0009167804228977,0.0080177978453992,64,64.0,0.0,52.05110545631389,3.951943349838257,0.7029424548149109,576,6.914286375045776,0.8636146246181781,-1.6543746497517993,5.8859978825733244e-08,0.9993582992969314,True
gaussian,1,0.0046110724054594,0.0032268491141043,0.999560657920405,0.0205934658946104,0.0007929845807649,0.000410121986581,0.0001668490388665,0.0039052838619652,64,64.0,0.0,53.94064173644021,3.987718725204468,0.8412207007408142,832,2.6164324283599854,0.9521598281831406,0.0689196773852394,4.2117446132920003e-07,0.3278352067258557,True
gaussian,0,0.019762218108041,0.0146499256740912,0.9921851856396144,0.0880699713774012,0.001441392992936,0.0013181106681006,0.0013342089425501,0.0076481698444433,128,125.0,3.0,90.53696527999736,4.505230236053467,0.8179243803024292,1152,12.218478441238403,0.79496572019742,-2.990441006702132,1.6799973260123818e-07,0.9999910508595824,True
gaussian,1,0.0082374223515139,0.0047972771083615,0.9986486116732518,0.0366557868219525,0.0006557530966859,0.0004959552033462,0.0001999534656386,0.0027823765402658,128,124.6,3.4,91.36613562016572,4.514435577392578,0.8610798358917237,1664,6.388325452804565,0.914536215011962,-0.6633227991563855,2.897153587646816e-07,0.9926297131240532,True
gaussian,0,0.0232452914371093,0.0174271383558568,0.9892511052188412,0.1033946185535335,0.0019727339053587,0.0014922426142959,0.0016064266581362,0.0076451053183091,256,215.0,41.0,136.03532028232067,4.911567687988281,0.8732287764549256,2304,14.081446170806885,0.7588286111127617,-3.69375267777458,6.650083011365725e-07,0.9999128929185176,True
gaussian,1,0.0248854324327333,0.0114147848854524,0.987035950902099,0.1099624315504024,0.0070592913383314,0.0018004517339559,0.0062374836893442,0.0295349410939675,256,215.8,40.2,134.32589205085054,4.898844909667969,0.8830792546272278,3328,23.70035004615784,0.7418120431357278,-4.024934423160142,2.064105490222697e-05,0.99801015275758,True
gbell,0,0.0678705861631766,0.0536704456031287,0.9084401916247908,0.3006682724944364,0.0098789055534283,0.0073716248266852,0.0201314226851639,0.0340352507030657,4,4.0,0.0,3.4177042263919795,1.22104172706604,0.8810880064964295,52,1.1389257907867432,0.2958383174567003,-12.704613960527556,0.002139874835499,0.9998758287143223,True
gbell,1,0.0155705064882203,0.0122806402231272,0.9951304333302508,0.0694856406314167,0.0008625245294908,0.000866069714575,0.0009282462229294,0.0064274735153852,4,4.0,0.0,3.511172138607006,1.255357027053833,0.9173765659332276,68,1.1920053958892822,0.8384549969785696,-2.1440391582579825,1.8355457514274601e-07,0.9999451968119042,True
gbell,0,0.0317778865720047,0.0255766305086437,0.9800112090616184,0.1413106809477834,0.0017355160964369,0.0016613162457408,0.0012513453113627,0.0044813377974959,8,8.0,0.0,7.311574222799538,1.9885860204696653,0.7944276809692383,104,1.2289748191833496,0.6703023895739741,-5.4166775708066845,1.2410658546137106e-06,0.999985420571294,True
gbell,1,0.0061957260492263,0.0048468705863193,0.9992364163987024,0.0275959939971457,0.0002376585089402,0.0001208786852229,7.847883161608164e-05,0.0014299358750958,8,8.0,0.0,7.198477913694456,1.97379367351532,0.8435384154319763,136,1.4389193058013916,0.9357189450388508,-0.2510579105017312,1.772603745938358e-07,0.9608595821848442,True
gbell,0,0.022257430292278,0.0176557900580068,0.9899316117999586,0.0994027250884775,0.0023990099945308,0.0019201379438984,0.002864647252331,0.0136925689710138,16,16.0,0.0,14.132709892262003,2.648276948928833,0.7631797313690185,208,1.5486102104187012,0.7690777338209573,-3.494281059775454,8.589375441363796e-07,0.9998600632007576,True
gbell,1,0.0050341590936448,0.0038114686301713,0.9994802289165602,0.0225143212964652,0.0006143384777214,0.0005832474636913,0.0001691573822879,0.0035883728902515,16,16.0,0.0,14.55996248945388,2.678039979934693,0.8430597186088562,272,1.5340681076049805,0.9477702766696467,-0.0165111411946707,1.369959091099273e-07,0.5514075541235853,True
gbell,0,0.0191963101576964,0.0146611658561468,0.992588548446114,0.0856919211367468,0.0011165975468132,0.0009300093594558,0.0014454584613107,0.0082671764091292,24,24.0,0.0,20.316844059140145,3.010387420654297,0.7346866726875305,312,1.8824427127838133,0.8008370514619124,-2.876171329142251,8.147212253499646e-07,0.9999956103268256,True
gbell,1,0.0040983191852273,0.0030454014097929,0.9996589337840756,0.0182663705982915,0.0005904167315659,0.0004523429330434,9.76429799506417e-05,0.0027213822021457,24,24.0,0.0,21.65676929543013,3.074873781204224,0.8514631509780883,408,1.9656741619110107,0.9574796757150312,0.1724562067943708,3.1008036062173305e-07,0.1093995209470883,True
gbell,0,0.0190290373669797,0.014823304525494,0.9927579565680412,0.0846881438923683,0.0018956120588316,0.0012653896312421,0.0013585263496164,0.0083643120472819,32,32.0,0.0,27.301201286727636,3.306089162826538,0.7491434216499329,416,2.1250555515289307,0.8025725173892524,-2.842395150793635,6.744349496074585e-07,0.9996891332653084,True
gbell,1,0.003592425269887,0.002573708685142,0.999742771810696,0.0159504465788693,0.0004559733162678,0.0002654691633414,5.474604736092411e-05,0.0016767358881624,32,32.0,0.0,28.30066912120151,3.3427799701690675,0.8196016907691955,544,2.2356672286987305,0.962728357518928,0.2746076866423592,2.0058093953471147e-07,0.0466288941546321,True
gbell,0,0.0202063979812153,0.0147574033644876,0.99177031703324,0.0901950803731028,0.0015623471888763,0.0010032250993548,0.0017518125934775,0.0097226767533136,48,48.0,0.0,38.3382550778806,3.6460103034973135,0.7506619811058044,624,2.9616706371307373,0.7903573255374081,-3.080131018753214,1.8355570085879363e-06,0.9999777542888484,True
gbell,1,0.0046914868131307,0.0032148637701674,0.9995413441499076,0.0210050402485543,0.0007559743190709,0.0003727415816698,0.0001896049233759,0.004176617560779,48,48.0,0.0,41.12775705423094,3.716263198852539,0.8480698704719544,816,2.23042368888855,0.951325523548282,0.0526821807567421,3.256677017269944e-07,0.3629184305568237,True
gbell,0,0.0196938175482511,0.014672471820144,0.9923263434966518,0.0875492375204312,0.0011670349160992,0.0008335539007002,0.0005205518477714,0.002964373954028,64,64.0,0.0,51.42679997988612,3.9394481658935545,0.7434900403022766,832,3.8547842502594,0.7956753803903172,-2.976629379020713,5.490010419921158e-07,0.999987453392936,True
gbell,1,0.004881485410871,0.003338959276232,0.9995051292790832,0.0218244327337075,0.0008414507205121,0.000460101070615,0.0001941374664527,0.0043086954833703,64,64.0,0.0,53.87039858239234,3.9864391326904296,0.8559581875801087,1088,1.4388186931610107,0.949354275916148,0.0143171454406623,4.276903658696265e-07,0.4634293493488763,True
gbell,0,0.0210128942146206,0.0161718393908433,0.99114344859853,0.0936532666115298,0.001801751725917,0.0013564175449674,0.0017137261277194,0.0092529484198181,128,126.2,1.8,89.77325168238575,4.49674882888794,0.8094283223152161,1664,6.566575288772583,0.7819898754123402,-3.2429809389361006,1.5550076335837953e-07,0.9999862027145966,True
gbell,1,0.008585385954694,0.0049685035200256,0.998449884609488,0.038430815433156,0.0016655105592595,0.0008928914026376,0.0006677425368107,0.0085549877647205,128,126.8,1.2,93.65995765644166,4.5395220756530765,0.8330673336982727,2176,4.10009765625,0.9109260703214463,-0.733584559419266,5.058129772253881e-07,0.988741269696507,True
gbell,0,0.0233498575205535,0.0173437329065566,0.9890912563498128,0.1041006878368289,0.0013451401781207,0.0009643023677274,0.0017938156535958,0.008472924057622,256,235.4,20.6,139.32616869344838,4.935315418243408,0.8308203101158143,3328,7.528892993927002,0.7577437312934249,-3.7148669466792414,1.802319970353775e-07,0.9999772501387556,True
gbell,1,0.025041280399916,0.0110363376089541,0.987115678821378,0.1114046995568228,0.0049660769665433,0.0019785623513534,0.0048929318530521,0.0217557830306357,256,239.8,16.2,142.69516286290656,4.959681415557862,0.8339429259300232,4352,16.349944829940796,0.7401951104849842,-4.056403669965192,1.1603841760170368e-05,0.9996358541355892,True
trapezoidal,0,0.0970037144659244,0.0760300103037997,0.8123132688936117,0.4317976366484276,0.0077971204174365,0.0055274753832311,0.0316910207029461,0.035178574320471,4,4.0,0.0,3.787140146549399,1.3310763597488404,0.9574153184890748,68,1.1202192306518557,-0.0064197563735635,-18.58725472469848,0.5610963720981272,0.9999937152511996,False
trapezoidal,1,0.0262089403174345,0.0192547028119878,0.98628811211102,0.1161736905654116,0.0040527513811579,0.0023948516009122,0.0034616740174156,0.014682013124636,4,4.0,0.0,3.8279324445486855,1.3419209480285643,0.9728110432624816,84,0.8355998992919922,0.7280805639834796,-4.29218074677279,3.855560446788295e-06,0.9995973534120588,True
trapezoidal,0,0.0731114628215869,0.0583695828820612,0.8905540077088959,0.3268919064280867,0.0087702072773445,0.0080751340254406,0.0350591796496912,0.0508691832342045,8,8.0,0.0,7.631243105478812,2.032008028030396,0.933382797241211,136,1.0499460697174072,0.2414638861394946,-13.76286607648205,0.0035786372242172,0.9999437820376464,True
trapezoidal,1,0.0136758925598768,0.0095215654613937,0.9961941803397896,0.0607610683552077,0.0026158571929136,0.0009045155229898,0.0013921055056235,0.0106729673729522,8,8.0,0.0,7.581411941884215,2.025637626647949,0.9435648441314696,168,1.2853672504425049,0.8581117379465174,-1.7614735439024387,5.375313853640115e-07,0.9980198407388776,True
trapezoidal,0,0.0615317361616609,0.0482553577048633,0.9226367230024624,0.2751561029870086,0.0068551114041657,0.0050468073493293,0.0226789769732856,0.040649673879874,16,16.0,0.0,14.959030466976737,2.7052750110626222,0.926395034790039,272,1.223825454711914,0.3616042925983531,-11.424656071028815,0.0006675636683167,0.9999736709092064,True
trapezoidal,1,0.0122921205786485,0.0081838280161459,0.9968269664283352,0.0550700452085739,0.0021702189920029,0.0010990820373323,0.001420328936007,0.0118458301689049,16,16.0,0.0,14.92352844674262,2.702928161621094,0.936458706855774,336,1.0483040809631348,0.8724684609636914,-1.482058529472865,2.6440534932463945e-07,0.9977045935993194,True
trapezoidal,0,0.0539562330137259,0.0421128478955795,0.9423280045494696,0.2398710784427826,0.0037185528318373,0.002861186272981,0.0055802282344436,0.0115698391184415,24,24.0,0.0,21.98159080427249,3.089902925491333,0.9266075253486632,408,1.3768155574798584,0.440200623414428,-9.894989803676946,7.548617524564229e-06,0.9999940190184464,True
trapezoidal,1,0.0082837181242584,0.0052517296894839,0.9985730630692436,0.036932857931234,0.0017382769395201,0.0004809016837821,0.0005922047848062,0.0079310110192716,24,24.0,0.0,22.361832685472223,3.107176780700684,0.9258687615394592,504,1.80586051940918,0.914055893401772,-0.6726709679189604,1.0644210992486153e-06,0.9981152842066624,True
trapezoidal,0,0.0472304420308561,0.0373610951313258,0.9554402046530912,0.2105984556985258,0.0015813439666478,0.0017694271309155,0.0061979365753855,0.014425179524184,32,32.0,0.0,29.06559884058432,3.3694875240325928,0.8992403507232666,544,1.707390546798706,0.5099811360439436,-8.53689973535457,1.0920384262872688e-05,0.9999994530214692,True
trapezoidal,1,0.0130044609806884,0.0060353702703633,0.9952842339958554,0.0590779369869948,0.0069789975512626,0.0010173790401195,0.0058977898943555,0.0350080471535515,32,32.0,0.0,29.01883031370574,3.367669630050659,0.8919272303581238,672,2.165032863616944,0.8650778836252555,-1.6258962472578822,1.1753273660157165e-05,0.9539470416316632,True
trapezoidal,0,0.0431869097097664,0.0339080218837305,0.9628065928620672,0.1924458865265747,0.0019921594661138,0.0017398053679249,0.0048293956379728,0.0125693236466226,48,47.6,0.4,41.51521131351304,3.725822973251343,0.8924908876419068,816,1.8117451667785645,0.5519330431011651,-7.720418655255754,8.112721025580432e-06,0.9999998579181084,True
trapezoidal,1,0.0122744701012393,0.0054476151159526,0.996687842712373,0.0546358262671343,0.0041810253225984,0.0006366796096358,0.0020384288787923,0.0180854575760314,48,47.6,0.4,41.99409490434597,3.7374878883361817,0.8917578935623169,1008,2.438987970352173,0.8726515857983627,-1.4784944969104967,1.4694274290219756e-06,0.9880607243300172,True
trapezoidal,0,0.043263863835543,0.0342959412937362,0.9628019643633886,0.1925595058692563,0.0024989784952133,0.002098728706097,0.0043024662759967,0.0109028590745394,64,63.0,1.0,52.74193442488494,3.964784574508667,0.8771441459655762,1088,1.751572608947754,0.5511346391127978,-7.735957442321817,3.268488168307845e-06,0.9999987333689936,True
trapezoidal,1,0.0099103519881918,0.0056064684093662,0.9980149056254148,0.0442632324310256,0.0007566285130472,0.0004697329428267,0.0004728147197522,0.0050853347325626,64,62.8,1.2,53.01380354630635,3.9702880859375,0.8784992814064025,1344,2.449369192123413,0.8971794627819538,-1.0011253164158511,1.7946083753259726e-07,0.9991530296233738,True
trapezoidal,0,0.0494060704026887,0.0334466970031866,0.9502800006074634,0.2199376263069491,0.0084876896842983,0.0045824645741178,0.015785761121005,0.0367074914288799,128,123.6,4.4,95.91038363287922,4.563092136383057,0.792007052898407,2176,4.269383668899536,0.4874088522093044,-8.976208552960058,0.0001974278348488,0.9997636674799464,True
trapezoidal,1,0.0241176709789759,0.0116863567775814,0.9882726509183096,0.1070710533560553,0.004105046863274,0.0010099747263525,0.0038265984756755,0.0162215478581717,128,125.2,2.8,95.09344370242658,4.55475082397461,0.797252106666565,2688,4.979139089584351,0.7497776174387094,-3.86990593538163,7.602675231122005e-07,0.9995150471705356,True
trapezoidal,0,0.1560425493420671,0.0613682470633459,0.3524680488001611,0.6875102491823041,0.099081732236989,0.0130190863386801,0.7973561422570187,0.4181645710352862,256,243.6,12.4,160.81361294744383,5.0801128387451175,0.7472188472747803,4352,5.3215813636779785,-0.6189514531211038,-30.508537365629152,0.8544825259510517,0.98090155757831,False
trapezoidal,1,0.0379540509133804,0.0209990217464795,0.9711956526217352,0.1683784555922159,0.0056299982480217,0.0018930940439886,0.0073347246580452,0.0212848084474602,256,241.0,15.0,159.98734139335474,5.074938869476318,0.7528621435165406,5376,19.6228985786438,0.6062242885858526,-6.663785527880033,1.1177823918098728e-05,0.999852539207803,True
triangular,0,0.0780650134255984,0.0620457661565804,0.879258403956795,0.3471548795095739,0.0048474547301378,0.0046900318629888,0.0103454086513731,0.0150028555914566,4,4.0,0.0,3.70427952419661,1.308766770362854,0.9138200402259826,52,1.0215468406677246,0.1900704810567994,-14.763100531488826,0.0016827209515436,0.9999951499135198,True
triangular,1,0.0204275452959197,0.0156372857477364,0.9917235809822352,0.0906507463697727,0.0023226077424615,0.0016885659453158,0.0014246834587603,0.007672105341304,4,4.0,0.0,3.8041916277175742,1.3357314109802243,0.963274109363556,68,0.9227850437164308,0.7880629079698661,-3.1247856879960016,1.54397798766735e-06,0.9997843487315096,True
triangular,0,0.0492616945803103,0.0386951739174408,0.951652299275298,0.2192722255189731,0.003779704572766,0.0032237154803436,0.0072611687055106,0.0163521203719418,8,8.0,0.0,7.457912733973023,2.008739876747131,0.8703745007514954,104,1.269852876663208,0.4889067606222378,-8.947055792938617,3.1551298021529504e-06,0.9999866394702066,True
triangular,1,0.0092218840625859,0.0069644708917559,0.9982949245641846,0.0410469015450061,0.0010164689710165,0.0006304546887273,0.0003683456283317,0.0044974781122159,8,8.0,0.0,7.478299940730875,2.0117282629013062,0.9154540181159974,136,1.3482706546783447,0.9043223616469525,-0.8621079942146035,9.718249577258525e-08,0.9994822679965631,True
triangular,0,0.0462013065842573,0.0348798261010509,0.9559110141100476,0.2067222893801969,0.0068180199588195,0.0047807205741744,0.0147206494679995,0.0368087077111174,16,16.0,0.0,14.673441666467124,2.6849390983581545,0.8867279171943665,208,1.2680187225341797,0.5206584822790221,-8.32909389771494,0.0001844491799867,0.9999002703964496,True
triangular,1,0.008624991032033,0.0059763347458651,0.9985128897457232,0.0384027441992334,0.0007822521965317,0.0003934850669792,0.0002665461758425,0.0035127613418889,16,16.0,0.0,14.882200985797711,2.699955177307129,0.9118848204612732,272,1.2628684043884275,0.910515165105022,-0.7415817247082424,1.5029509692544386e-07,0.9984347768104952,True
triangular,0,0.0425056660676408,0.0339037330293373,0.963503389668086,0.1894441359468764,0.0050982052496729,0.0045972710791205,0.0095871122994668,0.0246481173166511,24,24.0,0.0,21.61567153721906,3.072864532470703,0.8931249260902405,312,1.632290601730347,0.5590009895619157,-7.582860080088173,1.2788305299593522e-05,0.9998972916109464,True
triangular,1,0.0067263764192762,0.0045877876544729,0.9990940608663664,0.0299708848403112,0.0005418102622906,0.0002344521428683,0.0001662483647512,0.0027722185199733,24,24.0,0.0,22.2523250282412,3.1023136615753173,0.915895402431488,408,1.5757622718811035,0.930213413430236,-0.3582082812390801,9.736947972183685e-08,0.9648357445269324,True
triangular,0,0.041401076148308,0.031741695727459,0.9655392226996624,0.1846642308046181,0.0033965546662594,0.0038334986498676,0.0069245016711499,0.0189710084517494,32,32.0,0.0,28.26812713027873,3.3410685539245604,0.8901588439941406,416,1.9559564590454104,0.5704611807889036,-7.359818269417033,2.968498953935959e-05,0.9999893202425696,True
triangular,1,0.0064498169615273,0.004489392785298,0.9991582899278456,0.0287417929837347,0.0008434580284761,0.0004537836736375,0.000226200976314,0.0039521397033053,32,32.0,0.0,29.17372126167897,3.3731101036071776,0.9122899413108826,544,1.682058334350586,0.9330827355342696,-0.3023646408663705,3.414664512561353e-07,0.9966581608505136,True
triangular,0,0.0385006570181268,0.0295760838119707,0.9695178025042104,0.1721987075204357,0.0052808276588428,0.0050444599906608,0.0096664922298399,0.0288062948690224,48,47.6,0.4,39.97294197653712,3.687726640701294,0.8999073386192322,624,2.2776780128479004,0.6005532152068591,-6.7741577241066455,4.609465129310822e-05,0.9999346472919404,True
triangular,1,0.0060746324777414,0.0040463215267591,0.9992543306981472,0.0271136965415529,0.000569829807997,0.0002595220515443,0.0001754068686341,0.0032429557051321,48,47.4,0.6,41.47862044572113,3.725117683410645,0.9168134689331054,816,1.9366543292999268,0.936975298606167,-0.2266063661123629,1.9438701928551865e-07,0.9433001250944936,True
triangular,0,0.0357040507806328,0.0274123664490288,0.9742580252287903,0.159270166933868,0.0036521288736254,0.0028526212643966,0.0060810642794546,0.0193646248625515,64,62.4,1.6,52.40177312842898,3.9586090564727785,0.8889833450317383,832,2.695886373519897,0.6295681842078686,-6.209459361367975,1.6177511280640622e-05,0.999947073456808,True
triangular,1,0.0071341295581515,0.0039413790517015,0.9988903408211188,0.0317506306807458,0.0023334220095013,0.0004383245085084,0.000720867700876,0.0100775309603164,64,63.4,0.6,52.45432511714112,3.959660339355469,0.9127082467079164,1088,2.1831986904144287,0.925982948473849,-0.4405429077007483,2.208812865873896e-07,0.9024190154576532,True
triangular,0,0.0384039840573974,0.0268618762962343,0.9702592164408868,0.170873195298388,0.005417420199841,0.0014298666048361,0.007956166890327,0.0233052502160363,128,122.4,5.6,91.4621158749223,4.515070247650146,0.8507208704948426,1664,4.3550944328308105,0.6015562033720125,-6.754637256078961,4.088739037273104e-06,0.9998973376306372,True
triangular,1,0.0160796162184325,0.0080774031528827,0.9946624361097486,0.0713188761950852,0.0038779001129137,0.0008927792734578,0.0026004643825543,0.0158487156741962,128,120.8,7.2,91.23998689998466,4.513070297241211,0.8663699150085449,2176,4.538511991500855,0.8331729508892156,-2.24683998422008,4.5508043718730404e-07,0.9969930910686522,True
triangular,0,0.1034558752081175,0.0416294235449372,0.6839237303225679,0.4605505735967085,0.0714488573777245,0.0114112646203596,0.4345480257299675,0.3224429233789677,256,230.0,26.0,156.34090354238063,5.051954364776611,0.7893604278564453,3328,7.010416746139526,-0.0733613377139583,-19.890092628152495,0.5730210952178931,0.9755136586511142,False
triangular,1,0.0354818024893513,0.0186452203157881,0.9742557307480076,0.1570810891456669,0.0080373695492055,0.0031193183516058,0.0098792722325494,0.0327078077040254,256,222.8,33.2,142.96243446759732,4.962291049957275,0.817522656917572,4352,28.90643572807312,0.6318740244779806,-6.164582379930434,9.53778099966282e-05,0.9992790586705432,True
